"asasasa.txt","2024-11-20 11:21:12"
"czhzzxh.txt","2024-11-20 11:21:12"
"jjajaja.txt","2024-11-20 11:21:12"
"llliii.txt","2024-11-20 11:21:12"
"mmmmn.txt","2024-11-20 11:21:12"
"oaoao.txt","2024-11-20 11:21:12"
"tttxxtt.txt","2024-11-20 11:21:12"
"txttxxttx.txt","2024-11-20 11:21:12"
"vvvvvv.txt","2024-11-20 11:21:12"
"zzzzzz.txt","2024-11-20 11:21:12"
"123txt.txt","2024-11-20 11:21:12"
"five.txt","2024-11-20 11:24:12"
"ggggg.txt","2024-11-20 11:23:50"
"here.txt","2024-11-20 11:24:38"
"kkkkkk.txt","2024-11-20 11:24:28"
"ninenine.txt","2024-11-20 11:24:16"
"one.txt","2024-11-20 11:24:04"
"theee.txt","2024-11-20 11:23:56"
"twany.txt","2024-11-20 11:24:22"
"two.txt","2024-11-20 11:24:08"
"alooo.txt","2024-11-20 11:24:34"
"net.txt","2024-11-20 11:25:32"
"pll.txt","2024-11-20 11:25:36"
"qoq.txt","2024-11-20 11:25:54"
"qqqz.txt","2024-11-20 11:25:48"
"tree.txt","2024-11-20 11:25:24"
